"","Chronic.or.Acute","mismatches","mean_value","count","sd","value_stderr",".group"
"1","Acute","0",1.62718446601942,103,2.8036458817662,0.276251437290898,1
"2","Acute","≤1",2.3208289018082,103,5.84708267836718,0.576130175484247,1
"3","Acute","≤2",1.54957100060929,103,2.53700928617399,0.249978952864193,1
"4","Acute","≤3",0.63858346709662,103,0.171069878089218,0.0168560159493303,1
"5","Chronic","0",2.15427450980392,25,2.6484023895972,0.52968047791944,2
"6","Chronic","≤1",3.77095126944124,25,4.41591559759316,0.883183119518631,2
"7","Chronic","≤2",2.03317265219271,25,1.64844847561396,0.329689695122792,2
"8","Chronic","≤3",0.795468659354489,25,0.368022309472344,0.0736044618944688,2
