"","Chronic.or.Acute","mismatches","mean_value","count","sd","value_stderr",".group"
"1","Acute","0",1.40725240617179,103,2.06029262598334,0.203006664596738,1
"2","Acute","≤1",1.77456014005379,103,4.37652808000043,0.431232125393258,1
"3","Acute","≤2",1.08994635009446,103,1.18141710319306,0.116408486150017,1
"4","Acute","≤3",0.510330176305873,103,0.114779685645285,0.0113095784804793,1
"5","Chronic","0",1.21677583277379,25,1.2798289884785,0.255965797695699,2
"6","Chronic","≤1",1.44263444455742,25,2.06544454208012,0.413088908416025,2
"7","Chronic","≤2",0.877712931117836,25,0.690954890667386,0.138190978133477,2
"8","Chronic","≤3",0.416733621126279,25,0.252991443878224,0.0505982887756447,2
