"","Chronic.or.Acute","mismatches","mean_value","count","sd","value_stderr",".group"
"1","Acute","0",1.62718446601942,103,2.8036458817662,0.276251437290898,1
"2","Acute","≤1",2.47491909385113,103,6.46820945218653,0.637331615053841,1
"3","Acute","≤2",2.10410152843868,103,4.64105816005602,0.45729704867665,1
"4","Acute","≤3",0.737639455688649,103,0.301437448995919,0.0297015144030834,1
"5","Chronic","0",2.164,25,2.68683208754598,0.537366417509195,2
"6","Chronic","≤1",4.55,25,5.45744903778313,1.09148980755663,2
"7","Chronic","≤2",3.44346511135488,25,4.04656115255323,0.809312230510646,2
"8","Chronic","≤3",0.885212388269701,25,0.467715663826516,0.0935431327653031,2
