"","Chronic.or.Acute","name","mean_value","count","sd","value_stderr",".group"
"1","Acute","0",0.257563909078634,103,0.168360430137105,0.0165890461098423,1
"2","Acute","≤1",17.3933244851795,103,2.96594138451636,0.292242888348311,1
"3","Acute","≤2",96.8345257630619,103,0.654783916833525,0.0645177764127166,1
"4","Acute","≤3",100,103,0,0,1
"5","Chronic","0",0.652842015955014,25,0.468535712072223,0.0937071424144447,2
"6","Chronic","≤1",22.3419651226045,25,5.49829297083075,1.09965859416615,2
"7","Chronic","≤2",97.2779809430076,25,0.918378351661957,0.183675670332391,2
"8","Chronic","≤3",100,25,0,0,2
