"","Chronic.or.Acute","name","mean_value","count","sd","value_stderr",".group"
"1","Acute","0",0.00223589136093431,103,0.0156236997444038,0.0015394488791409,1
"2","Acute","≤1",0.00287739707723071,103,0.0173881658535986,0.00171330689091274,1
"3","Acute","≤2",0.00958552459839294,103,0.0564057326827494,0.00555782198686215,1
"4","Acute","≤3",0.115704180277498,103,0.283692832891423,0.027953085425329,1
"5","Chronic","0",0.0181143697587965,25,0.0610703229875874,0.0122140645975175,2
"6","Chronic","≤1",0.0778703346517347,25,0.184036842886802,0.0368073685773604,2
"7","Chronic","≤2",0.198856278635678,25,0.553335728530482,0.110667145706096,2
"8","Chronic","≤3",0.667503841803717,25,0.986326877111744,0.197265375422349,2
