"","Chronic.or.Acute","name","mean_value","count","sd","value_stderr",".group"
"1","Acute","0",0.00453447578906083,103,0.020209944866322,0.00199134503868732,1
"2","Acute","≤1",0.0105658874772684,103,0.0471734367414447,0.00464813683729767,1
"3","Acute","≤2",0.021656369302075,103,0.0966034286447457,0.00951861866147231,1
"4","Acute","≤3",0.034915472688267,103,0.154433521308146,0.0152167870074925,1
"5","Chronic","0",0.00841217655916384,23,0.0350941582446878,0.00731763784321735,2
"6","Chronic","≤1",0.0256294244653399,23,0.0632757705984761,0.0131939102303511,2
"7","Chronic","≤2",0.0414921936229168,23,0.0822341144540798,0.0171469981908949,2
"8","Chronic","≤3",0.0662911784132432,23,0.135276354886048,0.0282070698748412,2
