"","Chronic.or.Acute","name","mean_value","count","sd","value_stderr",".group"
"1","Acute","0",0.00798742432199553,103,0.0198093600572444,0.00195187424461012,1
"2","Acute","≤1",0.404872158107087,103,0.281469799434481,0.0277340434301826,1
"3","Acute","≤2",2.83905754420882,103,0.997642469955226,0.0983006334787025,1
"4","Acute","≤3",3.00044778598145,103,1.01942051257733,0.10044648778037,1
"5","Chronic","0",0.0774118824334503,25,0.152423995491989,0.0304847990983979,2
"6","Chronic","≤1",0.886720775698636,25,1.21176802043167,0.242353604086334,2
"7","Chronic","≤2",3.49039504774185,25,2.28775424900464,0.457550849800928,2
"8","Chronic","≤3",3.61088814478532,25,2.26406130739394,0.452812261478789,2
