"","Chronic.or.Acute","name","mean_value","count","sd","value_stderr",".group"
"1","Acute","0",0.011032965973659,103,0.0492334311962092,0.00485111412221122,1
"2","Acute","≤1",0.0288760182247891,103,0.113955618283763,0.0112283807106305,1
"3","Acute","≤2",0.118889650329636,103,0.231822537435723,0.0228421533473756,1
"4","Acute","≤3",2.38959336047334,103,1.11523577739012,0.10988744635188,1
"5","Chronic","0",0.0271981188821365,25,0.0648564395711266,0.0129712879142253,2
"6","Chronic","≤1",0.105994704260921,25,0.174534942640688,0.0349069885281376,2
"7","Chronic","≤2",0.472688805871736,25,0.459804393215989,0.0919608786431979,2
"8","Chronic","≤3",4.75547355684128,25,2.6605429310735,0.532108586214699,2
