"","Chronic.or.Acute","name","mean_value","count","sd","value_stderr",".group"
"1","Acute","0",0,103,0,0,1
"2","Acute","≤1",0.000218255298015439,103,0.0011264468478221,0.0001109921059455,1
"3","Acute","≤2",0.00155474397834062,103,0.0106949907366585,0.00105380875025256,1
"4","Acute","≤3",0.00296364099538683,103,0.0150742766434969,0.00148531261239857,1
"5","Chronic","0",0.000297057055748698,23,0.00142463559218207,0.000297057055748698,2
"6","Chronic","≤1",0.00764982666417058,23,0.0293760591605308,0.00612533176316403,2
"7","Chronic","≤2",0.0141220053583545,23,0.0471679958064655,0.00983520700783172,2
"8","Chronic","≤3",0.0374068534396985,23,0.0852745462377772,0.017780972042753,2
